id,titulo,descripcion,hay_stock,precio,unidad,imagen,es_oferta,tags
ACEI_00,Aceite de oliva Frutos del Norte,Org√°nico. De sabor suave y arom√°tico,s√≠,16800,la botella de 500ml,https://lh3.googleusercontent.com/d/1z0ZKZt7viB6b86LtlYHipUD6DX2hXe07,no,sin TACC|aceite|org√°nico
ACEI_01,Aceite de oliva  La Riojana,,no,0,la botella de 500ml,https://lh3.googleusercontent.com/d/1QH8dHMTMg8hZ8qDexuoZV4-B69bPz9ul,no,aceite|org√°nico
ACEI_02,Aceite de oliva Terranova,,no,0,la botella de 500ml,https://lh3.googleusercontent.com/d/1EQP6gciiR46cyJOyp-rzZl-DYDAQ76Cb,no,aceite
ACEI_04,Aceite de coco neutro,Marca Entre Nuts,s√≠,9370,el frasco de 500cc,https://lh3.googleusercontent.com/d/1F2KL7G-iFEbiBwVJ-dz7Kt4wKTbl07td,no,sin TACC|aceite
ACEI_06,Aceite de coco virgen,Marca Entre Nuts,s√≠,17700,el frasco de 500cc,https://lh3.googleusercontent.com/d/1AJrTWnnqZrTjIfCTXtXYDzaUSs9lSGaj,no,sin TACC|aceite
ACEI_08,Aceite de lino org√°nico,Marca Aguara,s√≠,7250,la botella de 250ml,https://lh3.googleusercontent.com/d/1VglNiL-sRJt4MXe5XefvvyloORXkf8aU,no,sin TACC|aceite|suplementos|org√°nico
ACEI_09,Aceite de nu√©z pec√°n,,no,0,los 500ml,,no,aceite|agroecol√≥gico
ACEI_10,Aceite de s√©samo,,no,0,los 250ml,,no,aceite|suplementos|especias
ACEI_11,Aceite de coco neutro,Marca Entre Nuts,s√≠,6800,el frasco de 360cc,https://lh3.googleusercontent.com/d/1vqZkRA8kIFizIPLGlh6wxImkLqwSY9SJ,no,sin TACC|aceite
ACEI_12,Aceite de coco virgen,Marca Entre Nuts,s√≠,13400,el frasco de 360cc,https://lh3.googleusercontent.com/d/1rYYHm35sdlu30Jb359PbLN7Pgo8g_XG1,no,sin TACC|aceite
AJIM_00,Aj√≠ molido,,s√≠,1650,los 50g,https://lh3.googleusercontent.com/d/1yEZsD89FF-Jwzu6bpdrE_6Y2M2adMv8B,no,especias
AJOG_00,Ajo granulado,,s√≠,1300,los 50g,https://lh3.googleusercontent.com/d/1Or0rPGOlHiEBRx-JBnCbxd_XyFqYnNLP,no,especias
AJOP_00,Ajo en polvo,,s√≠,1000,los 50g,https://lh3.googleusercontent.com/d/1X6jkV3xUNeOKoCXA1FLApDvFhSRSC-a4,no,especias
ALME_00,Almendras Non Pareil,,s√≠,2200,los 100g,https://lh3.googleusercontent.com/d/1PqpmLmc1-9GapFIeDuwn2MAR0PnZhRNz,no,frutos secos
ALME_01,Almendras Guara,,s√≠,2000,los 100g,https://lh3.googleusercontent.com/d/1klfFXvdF9LWqRsDMtbEwjfniAToZjGgY,no,frutos secos
AMBA_00,Ambay hojas,,s√≠,1000,los 100g,https://lh3.googleusercontent.com/d/1tr21X5uGDPhbwBBijySo_hEEM297Yo-v,no,yuyitos|tecitos
ANIS_00,Anis estrellado,Partido,s√≠,2100,los 50g,https://lh3.googleusercontent.com/d/1PIs6qXunMu9w08fZK8CCYixST_-15qjb,no,yuyitos|especias|tecitos
ARRO_00,Arroz yaman√≠,Integral,s√≠,2100,el kg,https://lh3.googleusercontent.com/d/1s_VLly9qnLgiotIlmbb336yrGD4P_ue_,no,cereales
ARRO_01,Arroz integral largo fino,,s√≠,1900,el kg,https://lh3.googleusercontent.com/d/1jECCKIisRZMRLm9W8jGlvI5ehxAXTIMs,no,cereales
ARVE_00,Arveja seca partida,,s√≠,2500,el kg,https://lh3.googleusercontent.com/d/18QiuzBrNySCInzgICsngiaHvQextzTQN,no,legumbres
AVEL_00,Avellanas,,s√≠,3300,los 100g,https://lh3.googleusercontent.com/d/1MCs1vkKkHIfEktw8ri33x2SR4fF-k6Lq,no,frutos secos
AVEL_01,Avellanas con chocolate,,no,0,los 100g,,no,frutos secos|snacks|chocolate
AVEN_00,Avena instant√°nea,,s√≠,2270,el kg,https://lh3.googleusercontent.com/d/1dNqhfH628kkAa19RkTJhaUzc08Y3cEgG,no,cereales
AVEN_02,Avena arrollada,Org√°nica. Marca Campo Claro,s√≠,2970,los 500g,https://lh3.googleusercontent.com/d/1_iPH8FfrDD1trrtsckPOhkvud_1H19Vo,no,cereales|org√°nico
AVEN_03,Avena instant√°nea sin TACC,Marca Cuman√°,no,2900,los 500g,https://lh3.googleusercontent.com/d/1FK_z0nkdnca3NSgZQUbNp-V3j2pnAHKF,no,sin TACC|cereales
AZUC_00,Az√∫car mascabo,,s√≠,3800,el kg,https://lh3.googleusercontent.com/d/12GKQ2_pFGEkxdtW95xXXvOHP5Hdhc39U,no,
BARR_00,Barrita de cereal prot√©ica de man√≠ con chocolate,Contiene 15g de prote√≠na. Marca √çntegra,s√≠,1770,la unidad (45g),https://lh3.googleusercontent.com/d/1lQiHCaqeAHqBJeHS933ipdODZCCXBZlJ,no,suplementos|snacks|chocolate|vegano
BARR_01,Barrita de cereal prot√©ica de ar√°ndanos,Contiene 15g de prote√≠na. Marca √çntegra,s√≠,1770,la unidad (43g),https://lh3.googleusercontent.com/d/1Ar2KTcBH26eX-A-dyx_1t1SAChaXNkh6,no,suplementos|snacks|vegano
BARR_02,Barrita de cereal de cacao y avellanas,Con cacao; coco y avellanas. Marca Muecas,s√≠,1300,la unidad (45g),https://lh3.googleusercontent.com/d/1JA2h25SSXC3FHaiFWIMPkNTF6W2l9Mmu,no,snacks|chocolate
BARR_05,Barrita de cereal de manzana y ar√°ndanos,Con semillas y nueces,s√≠,1300,la unidad (45g),https://lh3.googleusercontent.com/d/1ne1H1uXyVQbQ1HA3RWGQW9RwkmIi1lVF,no,snacks
BARR_03,Barrita de avena y banana,100% vegetal. Sin conservantes. Con 7g de prote√≠na y 7g de fibra. Marca √çntegra,s√≠,1400,la unidad (42g),https://lh3.googleusercontent.com/d/1TdPrsEKOC8JHeGIIehHI_BGWeH3cYUqI,no,snacks|vegano
BARR_04,Barrita de cereal de cacao,Con avena; cacao y chips de chocolate. Marca √çntegra,s√≠,1400,la unidad (40g),https://lh3.googleusercontent.com/d/1wr1gWwIPw1T5Nmr0aI1mS3fKLmaSTiNQ,no,snacks|chocolate|vegano
BICA_00,Bicarbonato de sodio,,s√≠,500,los 100g,https://lh3.googleusercontent.com/d/1ICXjp9aWY5hohodMS_vlEcTXzPdokHsu,no,
BOLD_00,Boldo,,s√≠,2850,los 100g,https://lh3.googleusercontent.com/d/1ehLLROJsf0uswWeWnYJnQSbnKk3yS2wV,no,yuyitos|tecitos
BOLS_00,Bolsita para hacer leches vegetales,,no,4900,la unidad,,no,
BURR_00,Burrito,,s√≠,1900,los 100g,https://lh3.googleusercontent.com/d/1ouENIwgBVz9sZm2PVLawraciVAbtrhUV,no,yuyitos|tecitos
CACA_00,Cacao amargo,,s√≠,1600,los 100g,https://lh3.googleusercontent.com/d/1yjK0zO_9mRc1lbRakTnS3BLU7wkD_sHN,no,
CAFE_00,Caf√© de algarroba,Marca Dicomere,s√≠,4950,el paquete de 200g,https://lh3.googleusercontent.com/d/1bMbmXczsOnqUaHzHAj0kmnGlPeDHE-ca,no,sin TACC|tecitos
CALE_00,Cal√©ndula,,s√≠,1950,| 100g,,no,
CANE_00,Canela en polvo,,s√≠,1535,los 50g,https://lh3.googleusercontent.com/d/1wX6Ox0hOzWGupMyyzA40x9BsMrkEZLAY,no,especias
CANV_00,Galletitas de ch√≠a; girasol y lino,Marca Canvas,s√≠,1700,el paquete de 100g,https://lh3.googleusercontent.com/d/1L8j4Jizlg6lk6QffAeU7nWxwFWt9Y0DO,no,snacks|vegano
CANV_01,Galletitas de oliva; ch√≠a y lino,Marca Canvas,s√≠,1750,el paquete de 100g,https://lh3.googleusercontent.com/d/1wHw-lQgJl_PeUn4b7gkvnX2Pot5woTOF,no,snacks|vegano
CANV_02,Galletitas de chocolate y man√≠,Marca Canvas,s√≠,1750,el paquete de 150g,https://lh3.googleusercontent.com/d/1FIsNBRWS16rXV6-F_oB3Y19Sc_7EqbJn,no,snacks|chocolate|vegano
CANV_03,Galletitas de jengibre y ch√≠a,Marca Canvas,s√≠,1750,el paquete de 150g,https://lh3.googleusercontent.com/d/11WqcWkCi74OcEjI3_EDd_wCv5G9q3MxP,no,snacks|vegano
CANV_04,Galletitas de algarroba,Con canela; pasas y girasol. Marca Canvas,s√≠,1750,el paquete de 150g,https://lh3.googleusercontent.com/d/1cAuGeyjIj5AYmAGHhUyjPOIPnFJpkCXf,no,snacks|vegano
CARQ_00,Carqueja,,s√≠,790,los 100g,https://lh3.googleusercontent.com/d/1j5AApZncEFaTGINhftlzMkE7FMAQWxs1,no,yuyitos|tecitos
CAST_00,Casta√±as de caj√∫ tostadas,,s√≠,2690,los 100g,https://lh3.googleusercontent.com/d/1fs3ODi64zAfnL6WNTS0SWCIAWgg68afK,no,frutos secos
CAST_01,Casta√±as de caj√∫ crudas partidas,,s√≠,1600,los 100g,https://lh3.googleusercontent.com/d/1rAIPWGpup7i0VK0hkX9N4DxIGTHFZqUJ,no,frutos secos
CEDR_00,Cedr√≥n hojas,,s√≠,1870,los 100g,https://lh3.googleusercontent.com/d/1KKv7MYGCHFrfMqGqOpWiQQhMnIGD4apO,no,yuyitos|tecitos
CHIM_00,Chimichurri,,s√≠,1700,los 100g,https://lh3.googleusercontent.com/d/1vU6mi1jy-cVICKPOvLW7lSW6PWP5kGlR,no,especias
CHOC_00,Chocolate 60%,Org√°nico. Marca Colonial,no,0,los 100g,https://lh3.googleusercontent.com/d/1N1m5sx9poeNYW5MFwDzKXtAZGSOey8EY,no,sin TACC|chocolate|org√°nico|vegano
CHOC_01,Chocolate 70%,Org√°nico. Marca Colonial,no,0,los 100g,https://lh3.googleusercontent.com/d/1XZaG27h7e1mOX2CU9ZFWqCuPX5C7dO1G,no,sin TACC|chocolate|org√°nico|vegano
CHOC_02,Chocolate 80%,Org√°nico. Marca Colonial,no,0,los 100g,https://lh3.googleusercontent.com/d/1Cy3Pl8kuJ7griG8-5mdp324nKJN2LkZs,no,sin TACC|chocolate|org√°nico|vegano
CHOC_03,Chocolate 60% barrita,Org√°nico. Marca Colonial,no,0,la barrita de 16g,,no,sin TACC|chocolate|org√°nico|vegano
CHOC_04,Chocolate 70% barrita,Org√°nico. Marca Colonial,no,0,la barrita de 16g,,no,sin TACC|chocolate|org√°nico|vegano
CHOC_05,Chocolate 80% barrita,Org√°nico. Marca Colonial,no,0,la barrita de 16g,,no,sin TACC|chocolate|org√°nico|vegano
CHOC_06,Chocolate sin az√∫car agregada 70%,Con stevia. Marca Colonial,no,0,los 100g,https://lh3.googleusercontent.com/d/10cwTQToCjkO0jclHMh34E4G-iXYLNUuc,no,sin TACC|chocolate|org√°nico|vegano
COCO_00,Coco rallado,,s√≠,1450,los 100g,https://lh3.googleusercontent.com/d/16Q_vgZmN_w1N0cIfY2eWEPoIyQeWbvOJ,no,
COLA_00,Cola de caballo,,s√≠,1350,los 100g,https://lh3.googleusercontent.com/d/1nUHSBt1RevkE-aN80Wcvo3NldTjvKtwy,no,yuyitos|tecitos
COMI_00,Comino,,s√≠,1300,los 50g,https://lh3.googleusercontent.com/d/1ux2jxRL9AkfFGsxPrG8FESlfkebQ256q,no,especias
CREA_00,Creatina,Monohidrato micronizada,no,0,,,no,suplementos
CURC_00,C√∫rcuma en polvo,,s√≠,2200,los 100g,https://lh3.googleusercontent.com/d/1m5ltxkU1TDVXN-Ka3Bj9ECXDorvD5JX3,no,especias
CURR_00,Curry de la india,Picante suave,s√≠,1300,los 100g,https://lh3.googleusercontent.com/d/1SvA6qU5EZb11q41ETwJNr2ZTnClAS17N,no,especias
DATI_00,D√°tiles,Naturales con carozo,s√≠,8300,el kg,https://lh3.googleusercontent.com/d/1t4H5OQaMEpR0nIM61uwS7-bvwZFiN-Eq,no,frutos secos
ESPI_00,Espirulina,,no,0,,,no,suplementos|especias
EXTR_00,Extracto natural de vainilla,Marca El Castillo,s√≠,7000,los 100cc,https://lh3.googleusercontent.com/d/1OlpFVbmrFUOIarDAP53GF6PkaUmmrw1Q,no,especias
FECU_00,F√©cula de mandioca,Sin TACC. Marca FEMAG,s√≠,2700,el paquete de 1kg,https://lh3.googleusercontent.com/d/1t6j_PCiYYvWEEebauj-LBDJhHPsKJprX,no,sin TACC|harina
FIDE_00,Fideos de arroz tradicionales,Marca Soyarroz,s√≠,2700,el paquete de 300g,https://lh3.googleusercontent.com/d/1GZzghtUGSNFBYz1mUo94gBqmj8GXmwL0,no,sin TACC|cereales|vegano
FIDE_01,Fideos de arroz de espinaca,Marca Soyarroz,s√≠,2700,el paquete de 300g,https://lh3.googleusercontent.com/d/1It86b1-Mt_v8nbR8sh_wOk9DK7Bv68k1,no,sin TACC|cereales|vegano
FIDE_02,Fideos de arroz de morr√≥n,Marca Soyarroz,s√≠,2700,el paquete de 300g,https://lh3.googleusercontent.com/d/1qRLHbZX4lIYERb2Ug047UDyPHRBLghGF,no,sin TACC|cereales|vegano
FIDE_03,Fideos de arroz integrales,Marca Soyarroz,s√≠,2700,el paquete de 300g,https://lh3.googleusercontent.com/d/109G11ZsTU5XcRFiVcqbmfvU6M6no40Pb,no,sin TACC|cereales|vegano
FIDE_04,Fideos fettuccine con espinaca,Org√°nicos. Marca Campo Claro,s√≠,4100,el paquete de 500g,https://lh3.googleusercontent.com/d/1T7Ri49KLM0hnnpb3d2m5-73F-L3TgZmI,no,cereales|org√°nico
FIDE_05,Tallarines integrales,Org√°nicos. Marca Campo Claro,s√≠,3800,el paquete de 500g,https://lh3.googleusercontent.com/d/1pHum67G0q8neIUfppC061rAeBS8Y1sYq,no,novedades|cereales|org√°nico
FIDE_06,Fideos codito con harina de garbanzos,Org√°nicos. Marca Campo Claro,s√≠,4100,el paquete de 500g,https://lh3.googleusercontent.com/d/1QIXLhmtTrl1NZ_6Q0rkDkZZuWY3sk1Xz,no,novedades|cereales|org√°nico
GALL_00,Galletas de arroz,,no,0,,,no,cereales|snacks
GARB_00,Garbanzos,,s√≠,2600,el kg,https://lh3.googleusercontent.com/d/15txcISKuNBNWkOt7_WeDcrszMDP49OZr,no,legumbres
GHEE_00,Ghee,Manteca clarificada. Marca Entre Nuts,s√≠,11990,el frasco de 300g,https://lh3.googleusercontent.com/d/1w5FHkkG3XxNmuQJCP14QU34N6JeJvgm-,no,sin TACC|aceite|cereales
HARI_00,Harina integral,,s√≠,2260,el kg,https://lh3.googleusercontent.com/d/1iKJaBpkJPeW4tFKPXj3YUI2ehHHSvajW,no,cereales|harina
HARI_01,Harina integral org√°nica,Marca Campo Claro,s√≠,3150,el kg,https://lh3.googleusercontent.com/d/1XGnLa5EkUKqXKQ20r7CPVXQcvYT8w8xE,no,cereales|harina|org√°nico
HARI_02,Harina de centeno org√°nica,Marca Campo Claro,s√≠,3780,el kg,https://lh3.googleusercontent.com/d/1cjd5s_LMknnuu9-Q0d3gbW2nB8UinMf-,no,cereales|harina|org√°nico
HARI_03,Harina de garbanzo,,s√≠,1300,el kg,https://lh3.googleusercontent.com/d/1D2XhiF0pCyFP94TDRA7NIrUiEmOPu76R,s√≠,ofertas|legumbres|harina
HARI_04,Harina de garbanzo sin TACC,Org√°nica. Marca Dicomere,s√≠,1900,el paquete de 450g,https://lh3.googleusercontent.com/d/1M7BqEYQMT5_aIe5WK95u-kBbAZCHghx5,no,sin TACC|legumbres|harina|org√°nico
HARI_05,Harina para arepas,Harina de ma√≠z blanco precocido Morixe,s√≠,3100,el kg,https://lh3.googleusercontent.com/d/1PxibZuqAFepFWslLE68WlcNkU__QA0A3,no,cereales|harina
HARI_06,Harina de almendras,¬°Artesanal; reci√©n hecha!,s√≠,2700,los 100g,https://lh3.googleusercontent.com/d/1rD7EcIjatOWItVgQIvH2DlrFjYhe4cLb,no,harina
HARI_08,Harina de ch√≠a,¬°Artesanal; reci√©n hecha!,s√≠,3750,los 500g,https://lh3.googleusercontent.com/d/12if8dlRxhyJ1c1ETyH9mpykkGDXrwbTc,no,harina
HARI_09,Harina de lino,¬°Artesanal; reci√©n hecha!,s√≠,2000,los 500g,https://lh3.googleusercontent.com/d/19Aju5rvl9g4p6Atvg6I_U3lTrSt0KXi9,no,harina
HARI_10,Harina de arroz,,s√≠,1900,el kg,https://lh3.googleusercontent.com/d/12WAazYQakgk5y-7YYc29aX0cbXP7NkN7,no,cereales|harina
HARI_12,Harina de arroz sin TACC,Marca Dicomere,s√≠,3000,el paquete de 1kg,https://lh3.googleusercontent.com/d/1Vf--3A7sAF7agGJldZpqLRHZm1fhOoLn,no,sin TACC|cereales|harina
HARI_13,Harina de algarroba,,no,0,,,no,harina
HARI_14,Harina de coco,¬°Artesanal; reci√©n hecha!,s√≠,3150,los 250g,,no,harina
HARI_15,Harina integral de trigo,,no,0,,,,
HIBI_00,Hibiscus,¬°Flor de hibiscus!,s√≠,5800,los 100g,https://lh3.googleusercontent.com/d/1ZbwtHMWnXhxXxQFt-SNC-oY4VIm9L-xp,no,yuyitos|tecitos
HIGO_00,Higos blancos,,s√≠,1200,los 100g,https://lh3.googleusercontent.com/d/1Cs_gZLEGVZzqtPYYTpV802WYolwEXM9g,no,frutos secos
HONG_00,Hongos de pino,,s√≠,2250,los 100g,https://lh3.googleusercontent.com/d/1wtNi9opiI5UE-neJuHy8EbeRRerJo60S,no,hongos
HONG_01,Melena de le√≥n doble extracto,Hongos adapt√≥genos. Marca Funga Gen,s√≠,28000,el frasco gotero de 50ml,https://lh3.googleusercontent.com/d/16YuLXDvgQkNsGkLWOFSzp2Pekdrqxu-v,no,suplementos|hongos
HONG_02,Reishi doble extracto,Hongos adapt√≥genos. Marca Funga Gen,s√≠,28000,el frasco gotero de 50ml,https://lh3.googleusercontent.com/d/1XGaF9SgRn-OUmN_tvfa-SBtWVPeT5MgV,no,suplementos|hongos
HONG_03,Cordy doble extracto,Hongos adapt√≥genos. Marca Funga Gen,s√≠,28000,el frasco gotero de 50ml,https://lh3.googleusercontent.com/d/1j0fngZgbo8Z8iupKQJQzxO3imGiO6IiF,no,suplementos|hongos
HONG_04,Shiitake doble extracto,Hongos adapt√≥genos. Marca Funga Gen,s√≠,28000,el frasco gotero de 50ml,https://lh3.googleusercontent.com/d/1TayPSV-7OBy7L01yYakcRfijkeyDxiN3,no,suplementos|hongos
HONG_05,Cola de pavo doble extracto,Hongos adapt√≥genos. Marca Funga Gen,s√≠,28000,el frasco gotero de 50ml,https://lh3.googleusercontent.com/d/1J0pCbPuEer2RUoSR9zXOD9MmCHfT8gG7,no,suplementos|hongos
HUEV_00,Huevos de gallinas felicesü§çüêî,De libre pastoreo. Marca Don Valent√≠n,s√≠,10800,el maple,https://lh3.googleusercontent.com/d/1alY9-whOOwSBM0lTiVA3WK1S2Ozq1OGZ,no,org√°nico
HUEV_01,Huevos de gallinas felicesü§çüêî,De libre pastoreo. Marca Don Valent√≠n,s√≠,4800,la docena,https://lh3.googleusercontent.com/d/1Ay_UemEUz03VDpzTS1m866cME_BNsrDF,no,org√°nico
JENG_00,Jengibre en polvo,,s√≠,2600,los 100g,https://lh3.googleusercontent.com/d/1Vmb65qj2a-0GXNWjKrwg2jCEXp2-LRqo,no,especias|tecitos
LAUR_00,Laurel hojas,,s√≠,3000,los 100g,https://lh3.googleusercontent.com/d/15YLOsAPJXGj1mNCvjTLnK2x7gqelqXg2,no,yuyitos|especias
LAVA_00,Lavanda flores,,s√≠,3950,los 100g,https://lh3.googleusercontent.com/d/117upZ-1IjFJI9Cr4S8kcQYs43RRnWdVj,no,yuyitos|tecitos
LECH_00,Leche de nuez pecan sin az√∫car,Marca Pampa Vida,s√≠,3800,1 envase de 1 litro,https://lh3.googleusercontent.com/d/1CZO1dfgfIGo_uA6RUUFj9vyt7fnto4D8,no,sin TACC|leches vegetales|vegano
LECH_02,Leche de almendras prot√©ica sin az√∫car,Marca Pampa Vida,s√≠,4900,1 envase de 1 litro,https://lh3.googleusercontent.com/d/1yflGoLh0kp6H93a1JVHWRace8ItMjjgi,no,sin TACC|suplementos|leches vegetales|vegano
LECH_03,Leche de almendras sin az√∫car,Marca Tratenfu,s√≠,4400,1 envase de 1 litro,https://lh3.googleusercontent.com/d/1lXWPzBglhjerlTP7TMOVE6JO9h4WIlo8,no,sin TACC|leches vegetales|vegano
LENT_00,Lentejas,,s√≠,3100,el kg,https://lh3.googleusercontent.com/d/1DtPGuXXxOQLoxDhhJVBSiWNFL9nAJJ02,no,legumbres
LEVA_00,Nutrileva | Levadura nutricional,Levadura de cerveza en polvo,no,0,,https://lh3.googleusercontent.com/d/1oeTXJ_0ek-2UZJaZe687Qo0HpI3WVujT,no,sin TACC|suplementos
LLAN_00,Llant√©n,,s√≠,1900,los 100g,https://lh3.googleusercontent.com/d/1It5h1vbfk7kO6gGvMjbpXapazXxgX_1g,no,yuyitos|tecitos
MACA_00,Maca,Org√°nica. Marca Kallpa,s√≠,1950,el paquete de 500g,https://lh3.googleusercontent.com/d/1-V7h_AoD3CGYoK74fJ4_q3lb3szkPddg,no,suplementos|org√°nico
MAIC_00,F√©cula de ma√≠z,Maicena,no,2020,el kg,https://lh3.googleusercontent.com/d/1F-cVPoYF-n_vDLcW6cw-hTnmhcC4UaZx,no,harina
MAIC_01,F√©cula de ma√≠z sin TACC,Maicena. Marca Dicomere,s√≠,1600,el paquete de 450g,https://lh3.googleusercontent.com/d/1rbai6gPXUfZfBWDXmD1Ulv8XDmCVeTH2,no,sin TACC|harina
MAIZ_00,Ma√≠z piscingallo,üçø,s√≠,1500,el kg,https://lh3.googleusercontent.com/d/1Xy8fa-In1pJ6n8gHA60bNmyQuAkaDbwF,no,cereales
MANI_00,Man√≠ tostado sin sal,,s√≠,3500,el kg,https://lh3.googleusercontent.com/d/18mP3UT901XXRfkhTsUbuMwQj-3g-fe4h,no,frutos secos|snacks
MANI_01,Man√≠ tostado con sal,,s√≠,3500,el kg,https://lh3.googleusercontent.com/d/16cpvcL1mkSlhA_q77CidqK2YBIgL_X57,no,frutos secos|snacks
MANI_02,Man√≠ crudo,,s√≠,4700,el kg,https://lh3.googleusercontent.com/d/1U0a0SbwvtT0uS-zewLhfdnHe8yG7rZo5,no,frutos secos
MANI_03,Man√≠ con chocolate,,no,0,los 100g,,no,frutos secos|snacks|chocolate
MANZ_00,Manzanilla,¬°Flor de manzanilla!,s√≠,4100,los 100g,https://lh3.googleusercontent.com/d/1GAMh5vTEP6wdvIZEUYbfO4Czlo1gZXCJ,no,yuyitos|tecitos
MARC_00,Marcela,,s√≠,1100,los 100g,https://lh3.googleusercontent.com/d/1VU0r5IXzzw63K9smxTN8SOG_y7U_FKbr,no,yuyitos|tecitos
MENT_00,Menta egipcia,,s√≠,2000,los 100g,https://lh3.googleusercontent.com/d/1P2Sa1vvzvtRyWvUwewT19aaqxc7iWr6b,no,novedades|yuyitos|tecitos
MERK_00,Merk√©n,,s√≠,2100,los 100g,https://lh3.googleusercontent.com/d/1p_w8sPu7FIXMzHWJ1zi8toBEyZNgyUMR,no,especias
MERM_00,Mermelada de frutos rojos,Endulzada con miel,s√≠,4900,el frasco de 500g,https://lh3.googleusercontent.com/d/1m5XYASEFeK6jU1H850LzD7ZQzokIbDLl,no,sin TACC|mermeladas/dulces
MIEL_00,Miel l√≠quida,Marca De Los Arroyos,s√≠,6200,el frasco de 1kg,https://lh3.googleusercontent.com/d/1LPxuX8-g60Ijn-f0aeNjb6NGjHndjq1o,no,sin TACC|miel
MIEL_01,Miel cremosa,Marca La Colmena de Cristal,no,6800,el frasco de 900g,https://lh3.googleusercontent.com/d/1GCKcHDgQ_ZenKjUe86b3HRA6N2NjQBeS,no,miel
MIEL_02,Miel con jengibre,Marca Apidelta,s√≠,3120,el frasco de 240g,https://lh3.googleusercontent.com/d/1RoSPnWSCepjpDokACC9ECOll6IDcS-v6,no,miel
MIEL_03,Miel fraccionada,,no,0,el kg,,no,miel
MIEL_04,Miel l√≠quida,Marca De Los Arroyos,s√≠,4000,el frasco de 500g,https://lh3.googleusercontent.com/d/1SlWdNq_sdxoU9hgehrAPS2JRS-f3pc3V,no,sin TACC|miel
MIEL_05,Mentomiel,Miel con menta. Marca Apidelta,s√≠,3700,el frasco de 240g,https://lh3.googleusercontent.com/d/1w66OfSAvqJ7U0wIcOtatvaYGONCeu_zJ,no,miel
MIJO_00,Semillas de Mijo,,s√≠,2500,el kg,https://lh3.googleusercontent.com/d/1SyJ427EfugmNZARcy4XNmRNT-SjYKsJ_,no,cereales
MIXF_00,Mix de frutos secos con pasas,,no,0,los 100g,,no,frutos secos|snacks|vegano
MIXF_01,Mix de frutos secos sin pasas,,no,0,los 100g,,no,frutos secos|snacks|vegano
NUEM_00,Nuez moscada,,s√≠,950,los 25g,https://lh3.googleusercontent.com/d/1syV9d0vZ-JC2SAz3EhDMKBBc9m0UefQu,no,especias
NUEZ_00,Nuez mariposa,Extra Light,s√≠,1800,los 100g,https://lh3.googleusercontent.com/d/1o__FuUFhxEm89qghVaxC_aCpzHpSqLnM,no,frutos secos
NUEZ_01,Nuez pec√°n,,s√≠,2530,los 100g,https://lh3.googleusercontent.com/d/1m_Gayo130fpGguTve83x8SZhnbtICVeI,no,frutos secos
OREG_00,Or√©gano,,s√≠,800,los 50g,https://lh3.googleusercontent.com/d/1QCQUBmAF0LR8tuPl-8bpw8VwOkBIC3Jg,no,especias
PASA_00,Pasas de uva morochas,Variedad jumbo,s√≠,530,los 100g,https://lh3.googleusercontent.com/d/1c-j42FDfBCr7OZGVwM7cAgsWjcldS0CC,no,frutos secos
PASA_01,Pasas de uva rubias,Variedad sultaninas,s√≠,1000,los 100g,https://lh3.googleusercontent.com/d/1IcB8n4hfvGUq4xcNjL4uhObmmN6a_lqk,no,frutos secos
PASA_02,Pasas de uva con chocolate ,,no,0,los 100g,,no,frutos secos|snacks|chocolate
PAST_00,Pasta de man√≠,Marca Entre Nuts,s√≠,2800,el frasco de 370g,https://lh3.googleusercontent.com/d/1OD-baPXu_L_ySSrV5DVOUjcJD3UWka-I,no,sin TACC|frutos secos
PAST_01,Pasta de man√≠ con cacao,Marca Entre Nuts,s√≠,2900,el frasco de 370g,https://lh3.googleusercontent.com/d/1aFqrXeWRubozNkJuA_lABYmldZ8GoNTJ,no,sin TACC|frutos secos
PAST_02,Pasta de man√≠ con coco,Marca Entre Nuts,s√≠,2900,el frasco de 370g,https://lh3.googleusercontent.com/d/19L6qZynenwEnyWf-CtDNfbVn6RVKvQ6i,no,frutos secos
PAST_03,Pasta de man√≠ con stevia,Marca Entre Nuts,s√≠,2900,el frasco de 370g,https://lh3.googleusercontent.com/d/1bl3qBcUrn0gu2-iwAUqL4SMLXKJLI83v,no,frutos secos
PAST_04,Tahini,Pasta de s√©samo. Marca Zenny,s√≠,6300,el frasco de 250g,https://lh3.googleusercontent.com/d/1ZoW4XjfF3CpFWvJ4Y6Sfn19yDjsOt3Q4,no,frutos secos
PAST_05,Pasta de man√≠ ahumado,Marca Entre Nuts,s√≠,2900,el frasco de 360g,https://lh3.googleusercontent.com/d/1AuA1S-XnvuNZL09E3uvImUSK5XUuQTAj,no,frutos secos
PEPE_00,Peperina hojas,,s√≠,1900,los 100g,https://lh3.googleusercontent.com/d/1kRT6TkK9RcMFriNjCU-VWs_oIMwwTjqF,no,yuyitos|tecitos
PERA_00,Peras deshidratadas,,s√≠,3825,los 250g,https://lh3.googleusercontent.com/d/1L_NAbxfN--YsXPRfDoJt2spnKgFapiHn,no,frutos secos
PIME_00,Pimenton ahumado,,s√≠,2400,los 100g,https://lh3.googleusercontent.com/d/1n_mcDTmyDz8yuVNwcMaSVYA5SvPLAhZl,no,especias
PIME_01,Pimenton dulce,,s√≠,2300,los 100g,https://lh3.googleusercontent.com/d/1n_mcDTmyDz8yuVNwcMaSVYA5SvPLAhZl,no,especias
PIMI_00,Pimienta negra molida,,s√≠,2050,los 50g,https://lh3.googleusercontent.com/d/1DfNzeUOSdMMCQujtS7Xn7Bv__KvCjwjW,no,especias
PIMI_01,Pimienta blanca molida,,s√≠,3200,los 50g,https://lh3.googleusercontent.com/d/1jf9tARdmJOH7pc6OEWaywmhOvs5pI_lz,no,especias
POLE_00,Poleo,,s√≠,1700,los 100g,https://lh3.googleusercontent.com/d/1BzpRIH5zosetnv4EcH3Oem8iHEcTLx_X,no,yuyitos|tecitos
POLV_00,Polvo de hornear,,s√≠,820,los 100g,https://lh3.googleusercontent.com/d/1f21bTGf8cptHNrHCbovt0Y1lnsHFUg-K,no,especias
PORO_00,Porotos Mung,,s√≠,2870,el kg,https://lh3.googleusercontent.com/d/1aAHb8DjquPkDqz74VBO13OY_EKs9C3ZK,no,legumbres
PORO_01,Porotos Negros,,s√≠,2500,el kg,https://lh3.googleusercontent.com/d/1UcCugu5hR0ir3Vkvsp4Rb7E_Tqsem9AN,no,legumbres
PORO_02,Porotos Aduki,,s√≠,2800,el kg,https://lh3.googleusercontent.com/d/1DvAnl3kV9VJaAGTJ408IqrS4JumOPZkz,no,legumbres
PORO_03,Porotos Alubia,,s√≠,4300,el kg,https://lh3.googleusercontent.com/d/1kRkSoGJgL-b_wBPTHRJYyBP-K3bUxqkD,no,legumbres
PROT_00,Prote√≠na vegetal,,no,0,,,no,suplementos
PROV_00,Provenzal,,s√≠,2200,los 100g,https://lh3.googleusercontent.com/d/14znZSilgynBdPwXSnkTqaI6y4dYDiFGk,no,especias
QUIN_01,Quinoa,Quinoa real blanca (Peru),s√≠,11600,el kg,https://lh3.googleusercontent.com/d/1XiLf3lCQN9yUme0gtp8HnZcfcfNzUnDx,no,cereales
ROME_00,Romero,,s√≠,2500,los 100g,https://lh3.googleusercontent.com/d/19jUhCvN1ShWofGGneRsRzj4aeK2uy19y,no,especias
SAHU_00,Sahumerios Satya Nag Champa,,s√≠,1800,la cajita de 12 sahumerios,https://lh3.googleusercontent.com/d/1uyPvychzuGlyFTuC4AQXMyycxgkm-9dH,no,
SALM_00,Sal marina fina,Marca Macrozen,s√≠,1900,el paquete de 500g,https://lh3.googleusercontent.com/d/1tdLhBmCKxQiaQxtPnj15uGYA0EVrFcqy,no,sin TACC|harina
SALM_01,Sal marina fina,Marca Frutos de mi tierra,s√≠,1700,el paquete de 500g,https://lh3.googleusercontent.com/d/1M7pg8GE2f3ow6yWvubDT0nR8k_GftDfl,no,especias
SALM_02,Sal marina gruesa,Marca Macrozen,s√≠,1900,el paquete de 500g,https://lh3.googleusercontent.com/d/10q_bi6fBILrg4Dkyk1qJ6UclGtvvZhau,no,sin TACC|especias
SALM_03,Sal marina gruesa,Marca Frutos de mi tierra,s√≠,1700,el paquete de 500g,https://lh3.googleusercontent.com/d/1tSbVXbPCPU_s2R0Wu0lmvdtg9LiZx3dS,no,especias
SALR_00,Sal rosa del himalaya,,s√≠,2900,el kg,https://lh3.googleusercontent.com/d/124_zlUV41p800Necgau9-3cCy16XZXru,no,especias
SEMI_00,Semillas de ch√≠a,,s√≠,850,los 100g,https://lh3.googleusercontent.com/d/1hfHo2j1CFUhH4cYMQsGVnV1t5zArOzbg,no,semillas
SEMI_01,Semillas de girasol,Sin c√°scara,s√≠,450,los 100g,https://lh3.googleusercontent.com/d/1rr5gJ_vcRDOF5hGAOrBAjHmPo4KtA736,no,semillas|snacks
SEMI_02,Semillas de lino marr√≥n,,s√≠,290,los 100g,https://lh3.googleusercontent.com/d/10oUL2pg_CmUkldwx60OKViGLIvYXV4lF,no,semillas
SEMI_03,Semillas de s√©samo blanco,,s√≠,960,los 100g,https://lh3.googleusercontent.com/d/1HB0AdnXCRqaaxAuwJLWV9t-zO_9ToGCz,no,semillas
SEMI_04,Semillas de s√©samo integral,,s√≠,400,los 100g,https://lh3.googleusercontent.com/d/1pMrjxC8f9pTJRMminPfOQ9aVuloEGUe3,no,semillas
SEMI_05,Semillas de s√©samo negro,,s√≠,890,los 100g,https://lh3.googleusercontent.com/d/1d-KBILUNPofjC364BT8pGGQJaPzz2VUG,no,semillas
SEMI_06,Semillas de calabaza,,s√≠,1400,los 100g,https://lh3.googleusercontent.com/d/12Vv2MDg6mLyE3_dBxvcfjVW5GxFQGCxH,no,semillas|snacks
SEMI_07,Semillas de lino dorado,,s√≠,330,los 100g,,no,
SOJA_00,Soja texturizada org√°nica,,no,14570,el kg,https://lh3.googleusercontent.com/d/1nKx4nOOM0ELZbWUEYXtH1dqOnPx9w1nk,no,legumbres|org√°nico
SOJA_01,Soja texturizada,,s√≠,2950,el kg,https://lh3.googleusercontent.com/d/1nKx4nOOM0ELZbWUEYXtH1dqOnPx9w1nk,no,legumbres
STEV_00,Stevia en hojas,,no,3200,los 100g,https://lh3.googleusercontent.com/d/195gkhdpmzr8s91Vkd4eD4w1AjXaB5u4A,no,yuyitos|tecitos
SUDA_00,Pasta de dientes Sudanta,,no,0,,,no,especias
TENE_00,T√© negro,,s√≠,900,los 100g,https://lh3.googleusercontent.com/d/1kR3EkfSqT7vLx3YdGtaHWqJotIq8cmL-,no,yuyitos|tecitos
TERO_00,T√© rojo,,s√≠,900,los 100g,https://lh3.googleusercontent.com/d/1C2Blqm3wEf1pOQMOR6M5U14FuaqLaTb_,no,yuyitos|tecitos
TEVE_00,T√© verde,,s√≠,900,los 100g,https://lh3.googleusercontent.com/d/11nrRal7Zi0MKqYnafHXBVLVsK-3Cmqoj,no,yuyitos|tecitos
TILO_00,Tilo,,s√≠,8664,los 100g,https://lh3.googleusercontent.com/d/1cHIIM2jaBKoylma9uNC-Krl2JFOD2IDt,no,yuyitos|tecitos
TOFU_00,Tofu,,no,0,,,no,especias|org√°nico
TOMA_00,Tomates secos,,s√≠,2000,los 100g,https://lh3.googleusercontent.com/d/1hek32HPe5yLABehH-QGwB4HWjSokeUPU,no,
TOMA_01,Tomate triturado,,no,0,,,no,
TOMI_00,Tomillo,Variedad Sumeidades,s√≠,1200,los 100g,https://lh3.googleusercontent.com/d/17CCsQaOOktuC_vVQdMcVm089RZm-EtFe,no,especias
YERB_00,Yerba Las Tunas,Elaborada con palo. Estacionamiento natural,s√≠,4420,el kg,https://lh3.googleusercontent.com/d/10x-dCT2tZFW791BJLyQzeHUQugL6peGD,no,sin TACC|yerba
YERB_01,Yerba Maravilla,Barbacu√° intenso. Agroecol√≥gica,s√≠,3100,el paquete de 1/2kg,https://lh3.googleusercontent.com/d/13ND0rCuFqj3MbCrA-pelWp9NalQ80GFw,no,sin TACC|yerba|agroecol√≥gico
YERB_02,Yerba Picada Vieja,Barbacu√° suave,s√≠,3600,el paquete de 1/2kg,https://lh3.googleusercontent.com/d/1dO8-NgQrTqWnCm2WkLCq4F15i38xvZC_,no,yerba
YERB_03,Yerba Roapip√≥,Org√°nica,s√≠,7500,el kg,https://lh3.googleusercontent.com/d/1qOMgwGTPHiAjklhLHO5RwIhcBOLSAPid,no,yerba|org√°nico
YERB_04,Yerba Familia Zaragoza,Barbacu√°,s√≠,5920,el kg,https://lh3.googleusercontent.com/d/1T408jKOfKHzRXpBmdZwKldQ7WGppuVmu,no,yerba
YERB_07,Yerba Aguantadora,,s√≠,2350,el 1/2kg,https://lh3.googleusercontent.com/d/1BQPTVSG1eZtnq0dAcQlEGRaPkZKeR6g-,no,sin TACC|yerba
YERB_08,Yerba Aguantadora,,s√≠,4420,el kg,https://lh3.googleusercontent.com/d/1BQPTVSG1eZtnq0dAcQlEGRaPkZKeR6g-,no,sin TACC|yerba
CURR_01,,,s√≠,1280,los 100g,,no,especias
GRAN_00,GRANOLA,Con avena; lino; sesamo; girasol; copos sin azucar; miel; almendras; casta√±as de caj√∫; coco rallado; pasas de uva rubias y morochas,s√≠,6700,el kg,https://lh3.googleusercontent.com/d/1Jy_ab-M2sunlRCB9tYZRXQvqStDnDwrt,no,novedades|frutos secos|cereales|semillas
CHOC_07,Chocolate 71% con almendras y sal,,s√≠,4900,la barra de 80g,https://lh3.googleusercontent.com/d/1dYLf1OVSgvt3VzN0m0fuaWortXChWe1m,no,chocolate|vegano
SALS_00,Salsa de soja,Fumeiga,s√≠,3800,la botella de 1/2 litro,https://lh3.googleusercontent.com/d/1KRd5izPqLdjGT7aS8wGPrho_zK-HWTUS,no,novedades
CHOC_08,Chocolate p/taza √Åguila,Semiamargo,s√≠,4935.150000000001,la tableta (165g),https://lh3.googleusercontent.com/d/12p9t2jx8twR-uM3Vx-TcFPRhsQxVpyEx,no,novedades|sin TACC|chocolate|vegano
CIRU_00,Ciruelas sin carozo bombon,,s√≠,2437.5,los 500g,https://lh3.googleusercontent.com/d/1GSfZXo0ml2ZtuXZ36M-0PAW90E_zduVM,no,novedades|frutos secos
CURR_02,,,s√≠,1330,los 100g,,,
GATO_00,,,s√≠,3400,los 100g,,,
MIEL_06,,,no,3290,el frasco de 450g,,,miel
MIEL_07,,,no,3900,el frasco de 450g,,,miel
MIEL_08,,,no,6000,el frasco de 900gr,,,miel
MIEL_09,,,no,6700,el frasco de 900gr,,,miel
MIEL_10,,,no,2900,el frasco de 300gr,,,
MIEL_11,,,no,2900,el frasco de 300gr,,,
MOST_00,,,no,2400,el frasco de 220gr,,,
MERM_01,,,no,2900,el frasco de 430gr,,,
MERM_02,,,no,3600,el frasco de 430gr,,,
MERM_03,,,no,2900,el frasco de 430gr,,,
MERM_04,,,no,2900,el frasco de 430gr,,,